<?xml version="1.0" encoding="UTF-8"?>
<project-private xmlns="http://www.netbeans.org/ns/project-private/1">
    <editor-bookmarks xmlns="http://www.netbeans.org/ns/editor-bookmarks/2" lastBookmarkId="0"/>
    <open-files xmlns="http://www.netbeans.org/ns/projectui-open-files/2">
        <group>
            <file>file:/C:/Users/Root/Documents/NetBeansProjects/bead2/src/bead2/Main.java</file>
            <file>file:/C:/Users/Root/Documents/NetBeansProjects/bead2/src/bead2/Piece.java</file>
            <file>file:/C:/Users/Root/Documents/NetBeansProjects/bead2/src/bead2/Game.java</file>
            <file>file:/C:/Users/Root/Documents/NetBeansProjects/bead2/src/bead2/Groove.java</file>
            <file>file:/C:/Users/Root/Documents/NetBeansProjects/bead2/src/bead2/PushGUI.java</file>
            <file>file:/C:/Users/Root/Documents/NetBeansProjects/bead2/src/bead2/Player.java</file>
        </group>
    </open-files>
</project-private>
